latlong unique,lat,lon,SN_total_0_30,SP_total_0_30,SOC_total_0_30,CEC_total_0_30,AP_total_0_30,NPP,MAT,PPT,AET,,,
-43.095146.65,-43.095,146.65,0.302,0.028,4.963,21.301,11.287,14041.947,10.623,1412.614,779.5428467,,,
-42.9167146.4333,-42.9167,146.433,0.282,0.036,6.34,18.421,19.259,10460.947,7.701,1771.848,739.4143066,,,
-41.3333147.75,-41.3333,147.75,0.4,0.102,7.232,34.218,22.162,14655.632,9.883,1057.957,664.6047363,,,
-41.15144.9833,-41.15,144.983,0.257,0.038,6.415,28.533,16.409,12431.526,11.89,1339.267,779.9238281,,,orange: from fiona email 06/05/2024! Manually filled in values with katie
-39.0167146.3333,-39.0167,146.333,0.206,0.016,2.805,13.498,23.094,13741.211,13.872,1006.81,736.5856934,,,
-37.983145.8,-37.983,145.8,0.186,0.033,3.455,10.616,12.944,10316.263,13.688,1055.976,898.2238159,,,
-37.9145.1,-37.9,145.1,0.165,0.033,1.805,15.07,15.437,10316.263,15.545,708.49,672.5999756,,,
-36.874147.254,-36.874,147.254,0.283,0.066,5.214,6.024,27.022,10020.684,7.301,1377.352,761.6333618,,,
-36.2143.75,-36.2,143.75,0.096,0.03,1.026,24.651,16.573,4478.895,16.162,349.505,332.0476074,,,
-35.608138.261,-35.608,138.261,0.114,0.012,2.119,6.839,12.932,8294.579,14.913,770.181,576.5856934,,,
-35.4441148.9285,-35.4441,148.929,0.103,0.024,1.694,4.738,8.971,10419.737,12.885,819.514,684.2523804,,,
-35.4333138.7667,-35.4333,138.767,0.081,0.016,0.794,9.852,12.096,8294.579,16.456,468.105,438.9190369,,,
-35.4292138.7628,-35.4292,138.763,0.077,0.013,1.215,8.23,10.602,8294.579,16.456,468.105,438.9190369,,,
-35.34142.83,-35.34,142.83,0.062,0.031,0.907,16.892,22.834,3456.053,17.224,283.795,269.6714172,,,"ETA column not included, chose to omit it. "
-35.283149.1167,-35.283,149.117,0.084,0.024,1.586,6.451,11.614,10419.737,13.826,620.243,570.7000122,,,
-35.272138.69,-35.272,138.69,0.093,0.017,1.353,6.071,13.055,8294.579,14.744,805.405,565.5095215,,,
-34.9697116.7914,-34.9697,116.791,0.163,0.018,3.447,8.316,15.096,17216.316,15.709,1058.657,674.1762085,,,orange: manually filled in values with katie. 
-34.9656117.2894,-34.9656,117.289,0.132,0.017,3.69,10.146,14.259,9407.474,15.405,1021.638,697.1142578,,,
-34.933138.727,-34.933,138.727,0.13,0.017,1.578,8.941,14.055,5732.895,14.254,975.738,605.9476318,,,
-34.9106116.6889,-34.9106,116.689,0.116,0.015,3.537,8,11.63,17216.316,15.483,1049.252,665.6904907,,,
-34.881138.708,-34.881,138.708,0.123,0.022,1.259,9.681,26.37,5732.895,16.046,616.033,525.2142944,,,from email fiona sent 6/05/2024!!!
-34.7442117.5061,-34.7442,117.506,0.073,0.018,2.438,11.876,9.15,9407.474,15.206,670.948,549.7523804,,,
-34.6534117.4991,-34.6534,117.499,0.061,0.016,2.435,8.105,10.807,9407.474,14.95,618.743,513.5095215,,,
-34.6389116.1238,-34.6389,116.124,0.14,0.021,3.205,9.153,8.973,17216.316,15.878,1068.048,647.2380981,,,
-34.609138.861,-34.609,138.861,0.092,0.015,0.694,6.039,10.782,5732.895,16.214,518.933,465.1618958,,,
-34.6015118.7427,-34.6015,118.743,0.096,0.021,1.726,10.456,13.793,6473.421,16.163,557.076,527.0047607,,,
-34.5303116.01,-34.5303,116.01,0.139,0.023,3.219,7.098,10.973,17216.316,15.703,1034.824,628.0523682,,,
-34.4919115.9517,-34.4919,115.952,0.142,0.025,3.444,8.746,11.123,15718.789,15.683,1077.562,657.6524048,,,
-34.4572149.469,-34.4572,149.469,0.132,0.027,1.481,6.354,9.944,8620.474,12.39,706.943,634.9000244,,,
-34.4196115.8213,-34.4196,115.821,0.148,0.022,2.572,9.877,7.986,15718.789,16.137,1008.876,655.5809326,,,
-34.3789117.7797,-34.3789,117.78,0.081,0.015,1.483,6.727,9.945,9407.474,15.059,418.938,388.8857117,,,
-34.1494118.235,-34.1494,118.235,0.072,0.013,1.243,7.87,9.15,6473.421,16.044,355.571,337.4380798,,,
-34.0981151.0594,-34.0981,151.059,0.139,0.019,2.103,10.733,11.93,14289.211,17.404,1110.4,955.352356,,,
-34.0812116.3304,-34.0812,116.33,0.111,0.019,1.85,6.71,8.52,17216.316,14.865,635.69,517.2476196,,,
-34.005138.959,-34.005,138.959,0.107,0.017,1.205,8.249,21.657,5732.895,14.696,472.595,413.7857056,,,
-34.003140.58,-34.003,140.58,0.051,0.016,0.878,13.881,8.616,3127.895,17.817,229.771,218.3285675,,,
-33.9194118.3289,-33.9194,118.329,0.075,0.014,1.111,6.865,7.986,4434.368,15.781,356.333,338.1714172,,,
-33.9164115.0833,-33.9164,115.083,0.15,0.021,2.388,8.286,9.507,10562.421,16.976,925.581,762.4857178,,,
-33.9083151.1417,-33.9083,151.142,0.105,0.022,1.564,9.475,9.957,15049.842,18.364,1057.381,942.4619141,,,
-33.8753151.1849,-33.8753,151.185,NA,NA,NA,NA,NA,15049.842,18.454,1124.771,982.1381226,,,
-33.8557150.9951,-33.8557,150.995,0.102,0.026,1.352,11.024,9.287,11632,18.125,879.719,815.9761963,,,
-33.79150.676,-33.79,150.676,0.121,0.029,1.106,16.352,9.614,11632,17.935,791.362,737.8475952,,,
-33.7833151.1167,-33.7833,151.117,0.116,0.023,1.709,9.824,8.136,15049.842,18.019,1051.581,926.9047852,,,
-33.7111118.365,-33.7111,118.365,0.059,0.011,0.985,10.763,4.507,4434.368,15.569,345.071,327.2714233,,,
-33.6939151.1431,-33.6939,151.143,0.177,0.032,2.85,13.513,11.107,15049.842,17.461,1163.224,970.2809448,,,
-33.693151.145,-33.693,151.145,0.145,0.023,2.149,12.844,10.437,15049.842,17.461,1163.224,970.2809448,,,
-33.68150.755,-33.68,150.755,0.099,0.024,1.165,13.876,7.957,11632,17.89,794.124,740.0142822,,,
-33.6617150.7828,-33.6617,150.783,0.138,0.031,1.303,12.301,8.45,11632,17.851,791.681,736.9666748,,,
-33.642150.696,-33.642,150.696,0.089,0.022,1.223,8.655,7.3,11632,17.69,781.643,728.2761841,,,
-33.619150.738,-33.619,150.738,0.136,0.03,1.227,15.492,7.793,11632,17.849,780.781,727.4666748,,,
-33.6167150.7333,-33.6167,150.733,0.136,0.037,1.394,12.597,7.3,11632,17.849,780.781,727.4666748,,,
-33.61150.7407,-33.61,150.741,0.146,0.031,1.25,13.657,6.807,11632,17.849,780.781,727.4666748,,,
-33.6108150.741,-33.6108,150.741,0.149,0.033,1.27,14.027,6.643,11632,17.849,780.781,727.4666748,,,
-33.5983118.4414,-33.5983,118.441,0.061,0.013,0.983,8.865,7.986,4434.368,16.082,326.181,309.657135,,,
-33.591151.28,-33.591,151.28,0.17,0.027,2.346,8.368,10.45,15049.842,17.838,1211.952,1003.047607,,,
-33.5885151.2834,-33.5885,151.283,0.142,0.026,2.375,7.761,10.45,15049.842,17.838,1211.952,1003.047607,,,
-33.5814115.4992,-33.5814,115.499,0.062,0.017,2.244,7.51,8.3,10562.421,17.656,676.867,641.6762085,,,
-33.5791150.3656,-33.5791,150.366,0.183,0.023,3.432,6.261,13.094,11632,13.197,1156.281,898.2904663,,,
-33.5789151.2922,-33.5789,151.292,0.159,0.029,2.429,9.058,11.944,15049.842,18.142,1197.052,1007.966675,,,
-33.578151.298,-33.578,151.298,0.159,0.026,3.075,9.04,10.287,15049.842,18.142,1197.052,1007.966675,,,
-33.5481118.3775,-33.5481,118.378,0.064,0.012,0.886,8.513,5.493,4434.368,16.156,321.638,305.3999939,,,
-33.543150.3443,-33.543,150.344,0.188,0.035,3.967,6.479,23.217,11632,13.197,1156.281,898.2904663,,,
-33.5384151.2827,-33.5384,151.283,0.198,0.038,2.567,9.728,11.45,15049.842,17.782,1173.367,981.6047363,,,
-33.3817118.51,-33.3817,118.51,0.059,0.013,0.928,8.253,8,4434.368,16.351,307.814,292.4571533,,,
-33.3789151.3239,-33.3789,151.324,0.153,0.027,2.694,7.956,18.066,15049.842,17.637,1174.638,972.18573,,,
-33.3763151.3225,-33.3763,151.323,0.165,0.027,2.608,7.275,17.573,15049.842,17.637,1174.638,972.18573,,,
-33.3747151.3206,-33.3747,151.321,0.144,0.028,2.709,8.491,16.066,15049.842,17.481,1152.848,957.0380859,,,
-33.3741151.324,-33.3741,151.324,0.193,0.025,3.194,8.993,14.916,15049.842,17.481,1152.848,957.0380859,,,
-33.3718151.3211,-33.3718,151.321,0.194,0.027,3.23,10.023,12.437,15049.842,17.481,1152.848,957.0380859,,,
-33.3718151.3188,-33.3718,151.319,0.182,0.021,3.088,8.334,17.56,15049.842,17.481,1152.848,957.0380859,,,
-33.3716151.3215,-33.3716,151.322,0.194,0.027,3.23,10.023,10.45,15049.842,17.481,1152.848,957.0380859,,,
-33.3714151.3208,-33.3714,151.321,0.194,0.027,3.23,10.023,12.437,15049.842,17.481,1152.848,957.0380859,,,
-33.3709151.3161,-33.3709,151.316,0.204,0.029,3.113,10.014,16.723,15049.842,17.481,1152.848,957.0380859,,,
-33.3708151.3179,-33.3708,151.318,0.185,0.02,3.099,8.915,15.08,15049.842,17.481,1152.848,957.0380859,,,
-33.1983151.3164,-33.1983,151.316,0.177,0.023,2.869,9.162,16.08,15049.842,17.384,1042.786,906.8095093,,,
-33.165118.4728,-33.165,118.473,0.056,0.011,0.771,8.925,9.493,4434.368,16.799,312.257,296.676178,,,
-33.0069115.7431,-33.0069,115.743,0.088,0.02,2.592,9.399,13.273,10562.421,17.966,773.219,711.6047974,,,
-32.9764146.1458,-32.9764,146.146,0.073,0.028,0.943,12.774,12.271,2994.368,18.264,350.148,332.4142761,,,
-32.9667146.1547,-32.9667,146.155,0.06,0.022,0.919,10.161,9.944,2994.368,18.264,350.148,332.4142761,,,
-32.829138.033,-32.829,138.033,0.065,0.018,1.086,11.146,16.546,2060.474,17.916,376.395,357.5857239,,,
-32.8125146.9336,-32.8125,146.934,0.076,0.037,1.132,12.137,13.928,2994.368,18.119,354.924,336.6190491,,,
-32.7297119.0047,-32.7297,119.005,0.043,0.009,1.145,7.466,3.52,3733.474,16.099,330.452,314.0714417,,,
-32.6847115.7427,-32.6847,115.743,0.098,0.019,2.558,15.133,10.123,9433.158,18.356,769.829,675.5380859,,,
-32.6714118.9989,-32.6714,118.999,0.052,0.008,1.271,6.957,5.52,3704.526,15.865,335.162,318.5857239,,,
-32.6647118.3258,-32.6647,118.326,0.058,0.013,0.856,10.342,8.164,3704.526,17.369,284.462,270.2714233,,,
-32.554117.3354,-32.554,117.335,0.054,0.008,1.029,5.995,3.507,5580,16.274,353.886,332.6666565,,,
-32.5207116.499,-32.5207,116.499,0.072,0.014,1.793,7.592,5.027,9433.158,15.736,616.862,471.6952515,,,
-32.4258119.3564,-32.4258,119.356,0.043,0.008,0.827,7.811,4.014,3733.474,17.184,341.5,324.6000061,,,
-32.3527116.0765,-32.3527,116.077,0.069,0.017,2.106,3.563,4.507,9433.158,16.786,1002.448,641.0095215,,,
-32.321137.954,-32.321,137.954,0.061,0.017,0.764,6.726,17.834,1892.526,17.36,364.343,343.9904785,,,
-32.2778119.5808,-32.2778,119.581,0.049,0.01,1.059,7.541,4,3733.474,16.579,349.852,332.6047668,,,
-32.1647119.7489,-32.1647,119.749,0.05,0.009,0.914,6.481,5.164,3733.474,16.516,337.295,320.6809387,,,
-32.1167151.4167,-32.1167,151.417,0.218,0.035,3.59,9.106,22.228,9399.895,14.262,1184.871,981.68573,,,
-32.1103118.7933,-32.1103,118.793,0.052,0.01,0.686,6.679,4,3704.526,17.563,295.933,281.2714233,,,
-32.0497119.9028,-32.0497,119.903,0.048,0.012,0.883,8.371,5,3733.474,16.779,318.295,302.5523682,,,
-32.0467115.8364,-32.0467,115.836,0.07,0.018,1.677,12.492,8.164,9433.158,18.779,684.438,617.2666626,,,
-31.8953116.5586,-31.8953,116.559,0.069,0.015,1.125,4.757,6.014,6826.158,16.916,486.981,425.6809387,,,
-31.8908116.2492,-31.8908,116.249,0.091,0.029,2.17,10.614,7.48,6826.158,16.57,778.481,571.9952393,,,
-31.8844116.2619,-31.8844,116.262,0.094,0.021,1.94,6.733,6.329,6826.158,16.76,711.429,543.1571655,,,
-31.8772120.1892,-31.8772,120.189,0.044,0.009,1.017,10.164,3.657,3083.316,17.144,296.905,282.2095337,,,
-31.8682116.223,-31.8682,116.223,0.075,0.017,2.14,7.583,6,6826.158,16.777,755.862,564.2333374,,,
-31.7821117.6108,-31.7821,117.611,0.045,0.009,0.689,6.445,5.507,4175.158,17.946,284.229,270.2571411,,,
-31.7803120.3433,-31.7803,120.343,0.047,0.008,0.794,7.284,3.493,3083.316,16.743,295.576,280.9428711,,,
-31.7078115.7219,-31.7078,115.722,0.083,0.02,1.781,9.448,8.643,6826.158,18.819,629.348,572.3618774,,,
-31.6703120.4769,-31.6703,120.477,0.043,0.009,0.702,9.526,3.657,3083.316,17.104,287.271,272.9476318,,,
-31.5761120.5786,-31.5761,120.579,0.043,0.008,0.861,8.713,3.657,3083.316,17.301,278.4,264.5380859,,,
-31.545115.6747,-31.545,115.675,0.102,0.017,2.174,8.386,9.15,6826.158,18.756,626.295,559.4761963,,,
-31.5111120.8164,-31.5111,120.816,0.043,0.009,0.845,6.9,3.15,3083.316,17.189,285.643,271.5,,,
-31.315138.566,-31.315,138.566,0.06,0.027,0.827,11.317,26.642,1242.526,17.938,276.562,262.7571411,,,
-31.2136119.3456,-31.2136,119.346,0.045,0.015,0.727,9.019,3.493,2846.579,18.561,309.529,294.1904907,,,
-31.1914120.9422,-31.1914,120.942,0.037,0.009,0.696,9.599,4.15,3083.316,17.801,294.457,279.7428589,,,
-31.0986116.0509,-31.0986,116.051,0.068,0.019,1.031,5.411,4.493,6826.158,18.568,484.552,440.7809448,,,
-31.014115.33,-31.014,115.33,0.074,0.023,1.374,9.228,10.957,6826.158,19.043,563.862,515.7476196,,,
-30.9956119.4656,-30.9956,119.466,0.043,0.015,0.775,6.681,3.657,2474.263,18.683,277.462,263.657135,,,
-30.95121.15,-30.95,121.15,0.041,0.018,0.668,7.872,4.807,2315,18.316,292.605,277.9952393,,,
-30.7961119.5364,-30.7961,119.536,0.038,0.014,0.79,10.318,4.15,2474.263,19.031,270.686,257.1190491,,,
-30.7483119.5583,-30.7483,119.558,0.037,0.014,0.866,9.924,5.643,2474.263,19.005,263.281,250.1952362,,,
-30.744121.449,-30.744,121.449,0.039,0.021,0.854,9.657,4.807,2315,18.929,280.429,266.4428711,,,
-30.74121.45,-30.74,121.45,0.043,0.02,0.884,8.858,4.807,2315,18.929,280.429,266.4428711,,,
-30.656139.547,-30.656,139.547,0.033,0.03,0.466,16.378,13.437,972.053,21.15,107.405,102.0238113,,,
-30.6431121.4536,-30.6431,121.454,0.032,0.017,0.842,9.071,5.136,2315,19.216,273.586,259.9190369,,,
-30.5152.4167,-30.5,152.417,0.231,0.038,5.307,6.491,29.01,8294.316,15.813,1325.033,1025.895264,,,
-30.515119.5942,-30.515,119.594,0.036,0.012,0.707,7.55,4.15,2474.263,18.611,246.624,234.3904724,,,
-30.4306119.6339,-30.4306,119.634,0.035,0.014,0.779,7.238,4.15,2474.263,18.587,245.995,233.7428589,,,
-30.4071115.0819,-30.4071,115.082,0.048,0.018,0.883,11.439,6.493,4726.842,19.31,479.467,454.0809631,,,
-30.4058115.0948,-30.4058,115.095,0.054,0.018,0.985,8.461,6.657,4726.842,19.49,484.657,456.8523865,,,
-30.3157115.0666,-30.3157,115.067,0.078,0.019,1.448,7.596,5.493,4726.842,19.629,469.767,443.4142761,,,
-30.3114115.2016,-30.3114,115.202,0.056,0.017,1.278,6.235,3.493,4726.842,19.756,462.186,432.7333374,,,
-30.2951115.1876,-30.2951,115.188,0.06,0.015,1.363,7.248,4.164,4726.842,19.756,462.186,432.7333374,,,
-30.2942115.1849,-30.2942,115.185,0.059,0.015,1.399,9.032,4.164,4726.842,19.756,462.186,432.7333374,,,
-30.2766115.0618,-30.2766,115.062,0.064,0.022,1.705,7.136,8.643,4726.842,19.639,460.557,433.9285583,,,
-30.2766115.0453,-30.2766,115.045,0.076,0.018,1.719,8.517,7.657,4726.842,19.639,460.557,433.9285583,,,
-30.2743115.047,-30.2743,115.047,0.08,0.024,2.031,8.915,6.15,4726.842,19.639,460.557,433.9285583,,,
-30.2709115.0708,-30.2709,115.071,0.073,0.02,1.589,6.815,5.657,4726.842,19.639,460.557,433.9285583,,,
-30.2625119.7814,-30.2625,119.781,0.032,0.01,0.658,8.711,4.15,2474.263,18.136,247.233,234.9523773,,,
-30.2532115.0396,-30.2532,115.04,0.06,0.034,1.323,10.224,6.493,4726.842,19.384,460.857,434.8904724,,,
-30.2484115.0483,-30.2484,115.048,0.063,0.023,1.462,6.197,7.643,4726.842,19.844,454.919,427.8285828,,,
-30.2406115.0669,-30.2406,115.067,0.062,0.02,1.439,6.638,6.986,4726.842,19.844,454.919,427.8285828,,,
-30.2406115.0643,-30.2406,115.064,0.071,0.02,1.475,7.575,5.657,4726.842,19.844,454.919,427.8285828,,,
-30.2404115.0693,-30.2404,115.069,0.063,0.019,1.415,8.183,7.493,4726.842,19.844,454.919,427.8285828,,,
-30.2353115.0707,-30.2353,115.071,0.064,0.018,1.521,6.695,5.986,4726.842,19.844,454.919,427.8285828,,,
-30.2287115.0685,-30.2287,115.069,0.074,0.019,1.61,7.53,5.657,4726.842,19.844,454.919,427.8285828,,,
-30.2263115.0184,-30.2263,115.018,0.068,0.036,1.517,7.386,5.657,4726.842,19.564,452.681,426.5666809,,,
-30.2257115.0649,-30.2257,115.065,0.054,0.019,1.382,7.263,7.986,4726.842,19.844,454.919,427.8285828,,,
-30.2242115.0107,-30.2242,115.011,0.071,0.02,1.646,8.263,5.657,4726.842,19.564,452.681,426.5666809,,,
-30.2236115.0082,-30.2236,115.008,0.068,0.021,1.478,10.579,5.986,4726.842,19.564,452.681,426.5666809,,,
-30.2141115.0104,-30.2141,115.01,0.076,0.022,2.039,9.362,6.986,4726.842,19.564,452.681,426.5666809,,,
-30.2137115.0639,-30.2137,115.064,0.066,0.018,1.494,8.161,5.986,4726.842,19.844,454.919,427.8285828,,,
-30.2056119.8633,-30.2056,119.863,0.043,0.016,1.043,6.046,7.63,2474.263,18.694,247.562,235.2333374,,,
-30.1979115.0739,-30.1979,115.074,0.077,0.016,1.633,6.529,6.493,4726.842,20.136,450.938,423.6618958,,,
-30.1921115.063,-30.1921,115.063,0.068,0.016,1.492,8.015,6.657,4726.842,20.136,450.938,423.6618958,,,
-30.1915115.0743,-30.1915,115.074,0.062,0.014,1.454,7.339,5.986,4726.842,20.136,450.938,423.6618958,,,
-30.1912115.0593,-30.1912,115.059,0.065,0.017,1.57,7.565,6.493,4726.842,20.136,450.938,423.6618958,,,
-30.191120.654,-30.191,120.654,0.034,0.015,0.774,7.223,4.643,2315,19.07,264.8,251.6047668,,,
-30.1867115.1091,-30.1867,115.109,0.07,0.014,1.333,7.235,4.493,4726.842,19.948,456.314,427.1095276,,,
-30.181115.0038,-30.181,115.004,0.059,0.03,1.05,12.93,6.821,4726.842,19.804,456.619,428.5238037,,,
-30.1809115.1288,-30.1809,115.129,0.067,0.015,1.374,6.659,3.493,4726.842,19.751,467.824,434.8809509,,,
-30.1714115.1091,-30.1714,115.109,0.057,0.014,1.298,6.341,5,4726.842,19.948,456.314,427.1095276,,,
-30.1703115.0119,-30.1703,115.012,0.06,0.032,1.394,8.665,5.986,4726.842,19.804,456.619,428.5238037,,,
-30.1682115.1057,-30.1682,115.106,0.055,0.014,1.328,6.7,4,4726.842,19.948,456.314,427.1095276,,,
-30.1646115.0075,-30.1646,115.008,0.064,0.033,1.532,9.31,6.15,4726.842,19.959,445.862,418.3666687,,,
-30.1643115.1226,-30.1643,115.123,0.06,0.015,1.277,6.759,3.493,4726.842,20.086,453.657,423.519043,,,
-30.16115.1206,-30.16,115.121,0.066,0.015,1.361,6.173,3.493,4726.842,20.086,453.657,423.519043,,,
-30.1432115.0621,-30.1432,115.062,0.067,0.015,1.448,7.497,7.48,4726.842,20.233,448.762,420.3999939,,,
-30.1296115.1075,-30.1296,115.108,0.071,0.016,1.51,6.905,4,4726.842,20.086,453.657,423.519043,,,
-30.1267115.1063,-30.1267,115.106,0.06,0.015,1.336,6.402,3.657,4726.842,20.086,453.657,423.519043,,,
-30.1151115.0065,-30.1151,115.007,0.07,0.019,1.448,9.447,5.657,4726.842,20.064,443.452,414.0618896,,,
-30.1067114.9966,-30.1067,114.997,0.053,0.023,0.966,12.196,6.65,8016.579,19.767,446.624,416.9619141,,,
-30.098115.058,-30.098,115.058,0.065,0.015,1.361,7.632,7.15,4726.842,20.324,439.89,411.176178,,,
-30.0939114.9901,-30.0939,114.99,0.068,0.018,1.114,10.142,6.657,8016.579,19.767,446.624,416.9619141,,,
-30.0905114.9986,-30.0905,114.999,0.076,0.022,1.759,9.281,6.986,8016.579,19.767,446.624,416.9619141,,,
-30.0826115.0525,-30.0826,115.053,0.068,0.014,1.307,6.392,6.643,4726.842,20.339,442.657,411.4857178,,,
-30.0731114.9825,-30.0731,114.983,0.069,0.021,1.739,9.935,7.15,8016.579,19.829,437.481,407.2904663,,,
-30.063115.012,-30.063,115.012,0.081,0.02,1.519,9.323,5.986,4726.842,20.198,441.329,410.5952454,,,
-30.0598114.983,-30.0598,114.983,0.065,0.018,1.512,8.243,6.986,8016.579,19.829,437.481,407.2904663,,,
-30.0528119.835,-30.0528,119.835,0.032,0.012,0.701,6.791,4.643,2474.263,18.884,244.505,232.3000031,,,
-30.0453114.9628,-30.0453,114.963,0.059,0.026,1.185,7.257,7.15,8016.579,19.829,437.481,407.2904663,,,
-30.0354115.0055,-30.0354,115.006,0.061,0.017,1.507,13.966,6.15,4726.842,20.161,430.281,398.7666626,,,
-30.0276115.0389,-30.0276,115.039,0.069,0.016,1.555,8.283,7.643,4726.842,20.161,430.281,398.7666626,,,
-30.0194119.6789,-30.0194,119.679,0.028,0.013,0.673,6.255,7.3,2474.263,19.238,234.595,222.8952332,,,
-30.0064119.7886,-30.0064,119.789,0.032,0.014,0.843,9.867,5.807,2474.263,19.177,234.186,222.4952393,,,
-29.9958119.6267,-29.9958,119.627,0.036,0.016,0.876,8.105,11.423,2315,19.145,242.31,230.2476196,,,
-29.9511119.3983,-29.9511,119.398,0.032,0.011,0.541,7.12,6.3,2315,18.772,238.662,226.7476196,,,
-29.905121.1189,-29.905,121.119,0.033,0.014,0.742,6.674,4.807,2250.526,19.405,252.743,240.180954,,,
-29.7614121.0628,-29.7614,121.063,0.034,0.016,0.632,8.415,6.3,2250.526,20.009,266.029,252.7476196,,,
-29.7483119.4758,-29.7483,119.476,0.033,0.013,0.658,6.655,5.807,2315,19.365,249.757,237.3285675,,,
-29.7231119.4892,-29.7231,119.489,0.052,0.015,0.595,8.899,6.314,2315,19.365,249.757,237.3285675,,,
-29.6744119.3661,-29.6744,119.366,0.036,0.014,0.564,7.736,7.3,2315,19.507,254.986,242.2476196,,,
-29.4953121.2522,-29.4953,121.252,0.029,0.018,0.71,7.39,6.807,2250.526,20.282,266.348,253.0809479,,,
-29.2428121.2561,-29.2428,121.256,0.032,0.017,0.609,7.731,6.136,2250.526,20.303,227.71,216.3238068,,,
-29.2422121.2522,-29.2422,121.252,0.027,0.014,0.638,8.748,6.807,2250.526,20.303,227.71,216.3238068,,,
-29.015118.8908,-29.015,118.891,0.03,0.012,0.601,6.262,6.136,2474.263,19.858,255.229,242.519043,,,
-28.7642121.9683,-28.7642,121.968,0.033,0.018,0.625,7.404,7.3,1470.316,20.687,225.067,213.7904816,,,
-28.7094118.6206,-28.7094,118.621,0.035,0.014,0.539,7.093,6.793,1614.474,19.916,253.905,241.3095245,,,
-28.64153.34,-28.64,153.34,0.188,0.025,4.463,8.097,15.408,16954.632,19.304,1515.967,1126.728516,,,
-28.63153.36,-28.63,153.36,0.215,0.031,5.562,7.307,19.544,16954.632,19.304,1515.967,1126.728516,,,
-28.5653120.4822,-28.5653,120.482,0.027,0.018,0.615,6.48,7.3,1470.316,20.759,221.519,210.4714355,,,
-28.5319115.2383,-28.5319,115.238,0.038,0.014,0.656,7.692,3.493,3686.158,20.577,265.19,251.8952332,,,
-28.4653115.9164,-28.4653,115.916,0.036,0.014,0.531,6.976,4.493,3686.158,20.649,240.729,228.8523865,,,
-28.4008122.5678,-28.4008,122.568,0.03,0.013,0.712,6.813,6.3,1811.947,20.133,212.481,201.8809509,,,
-28.3847122.5853,-28.3847,122.585,0.03,0.014,0.676,6.293,7.793,1811.947,20.076,212.81,202.1952362,,,
-28.2272122.7319,-28.2272,122.732,0.027,0.015,0.689,5.498,6.3,1811.947,20.515,201.086,191.0381012,,,
-27.9183123.6158,-27.9183,123.616,0.034,0.018,0.626,13.353,10.107,1566.263,21.32,200.519,190.5142822,,,
-27.8986123.3783,-27.8986,123.378,0.031,0.014,0.605,7.191,10.437,1566.263,21.196,202.933,192.7857208,,,
-27.7348151.1395,-27.7348,151.14,0.081,0.024,1.401,9.571,16.037,8133.842,18.631,554.929,526.2333374,,,
-27.6319114.54,-27.6319,114.54,0.042,0.017,0.656,9.012,2.164,4011,20.518,263.21,250.0619049,,,
-27.5153.5,-27.5,153.5,0.069,0.017,2.383,5.08,13.93,13857.158,20.66,1329.862,1093.742798,,,
-27.0378125.2406,-27.0378,125.241,0.026,0.013,0.66,8.657,6.464,1460.632,21.847,226.41,215.0904846,,,
-27.0375125.2361,-27.0375,125.236,0.027,0.018,0.595,6.391,7.944,1460.632,21.847,226.41,215.0904846,,,
-27.0078126.2497,-27.0078,126.25,0.026,0.012,0.682,9.459,7.793,1460.632,22.103,231.781,220.2190552,,,
-27.0003126.2269,-27.0003,126.227,0.028,0.012,0.61,9.755,6.957,1460.632,22.103,231.781,220.2190552,,,
-26.9986125.5339,-26.9986,125.534,0.033,0.014,0.65,9.484,7.287,1105.684,22.171,227.471,216.0857086,,,
-26.9961125.5939,-26.9961,125.594,0.026,0.016,0.559,9.851,6.957,1105.684,22.323,226.148,214.8000031,,,
-26.9958125.5589,-26.9958,125.559,0.029,0.017,0.54,8.047,6.957,1105.684,22.292,225.495,214.2190399,,,
-26.985125.7014,-26.985,125.701,0.029,0.02,0.645,8.162,8.45,1105.684,22.172,233.01,221.3761902,,,
-26.9794126.0525,-26.9794,126.053,0.033,0.025,0.517,7.603,7.793,1105.684,22.144,230.4,218.9047546,,,
-26.9152.9,-26.9,152.9,0.152,0.041,2.579,7.831,8.944,13497.474,19.977,1294.229,1050.004761,,,
-26.5428126.4017,-26.5428,126.402,0.027,0.014,0.675,11.358,7.287,1105.684,22.611,239.595,227.638092,,,
-26.4433114.1681,-26.4433,114.168,0.042,0.035,0.617,12.24,6.643,2563.316,23.103,198.733,188.9285736,,,
-26.4272126.4128,-26.4272,126.413,0.031,0.012,0.617,8.242,7.45,1105.684,22.753,242.086,229.9571381,,,
-26.3678126.285,-26.3678,126.285,0.035,0.026,0.637,8.665,7.957,1105.684,22.666,247.581,235.180954,,,
-26.278134.999,-26.278,134.999,0.029,0.027,0.437,14.141,12.421,877.579,22.714,170.533,162.0047607,,,
-26.2347126.2764,-26.2347,126.276,0.025,0.02,0.628,10.541,7.45,1105.684,22.707,245.419,233.1190491,,,
-26.088135.452,-26.088,135.452,0.03,0.033,0.464,12.674,13.751,666.737,23.048,134.676,128,,,
-25.9133.897,-25.9,133.897,0.031,0.02,0.336,7.666,11.601,1060.158,21.732,161.176,153.1428528,,,
-25.8808126.9128,-25.8808,126.913,0.025,0.015,0.638,10.211,8.45,875.737,22.67,284.433,269.2857056,,,
-25.8272127.0111,-25.8272,127.011,0.026,0.016,0.619,10.387,10.437,959.211,22.77,293.11,277.5666809,,,
-25.755136.545,-25.755,136.545,0.028,0.018,0.509,14.423,11.094,537,23.345,93.576,88.91428375,,,
-25.4194127.5536,-25.4194,127.554,0.026,0.015,0.606,9.28,9.437,959.211,22.64,330.5,309.5952454,,,
-25.3456131.0322,-25.3456,131.032,0.032,0.021,0.468,9.237,16.244,1215.368,21.805,298.338,282.1047668,,,
-25.3031130.6972,-25.3031,130.697,0.03,0.018,0.45,6.578,7.287,1236.842,22.009,331.343,310.8095093,,,
-25.2981127.86,-25.2981,127.86,0.026,0.022,0.611,10.476,8.614,959.211,23.1,329.457,307.0238037,,,
-25.2281130.5797,-25.2281,130.58,0.03,0.017,0.443,8.03,7.957,1236.842,22.259,345.462,323.2190552,,,
-25.1467128.5653,-25.1467,128.565,0.032,0.019,0.513,8.153,10.107,1114.263,22.536,400.433,361.8190308,,,
-25.0739128.1694,-25.0739,128.169,0.029,0.02,0.565,10.201,10.107,1114.263,22.94,325.086,299.7571411,,,
-25.0714129.5786,-25.0714,129.579,0.027,0.017,0.497,7.487,10.107,1324.842,21.813,487.114,444.4619141,,,
-25.0672129.8394,-25.0672,129.839,0.025,0.018,0.498,6.708,9.614,1324.842,22.426,438.748,403.1142883,,,
-25.0611128.3294,-25.0611,128.329,0.029,0.019,0.5,7.943,11.094,1114.263,22.994,339.267,311.8190308,,,
-25.0556129.6783,-25.0556,129.678,0.026,0.018,0.538,6.452,9.45,1324.842,22.084,462.086,422.980957,,,
-25.0464128.3108,-25.0464,128.311,0.026,0.02,0.501,9.032,10.601,1114.263,22.994,339.267,311.8190308,,,
-24.9881114.8081,-24.9881,114.808,0.032,0.026,0.602,12.046,6.136,1077.053,24.708,189.181,179.7428589,,,
-24.9544114.9386,-24.9544,114.939,0.032,0.026,0.606,14.768,6.136,1077.053,24.708,189.819,180.342865,,,
-24.8711129.0569,-24.8711,129.057,0.028,0.018,0.466,7.131,9.778,967.263,22.763,565.057,509.1142883,,,
-24.8369128.9336,-24.8369,128.934,0.028,0.019,0.53,9.456,10.601,967.632,22.62,541.214,482.3904724,,,
-24.782136.01,-24.782,136.01,0.024,0.024,0.5,11.712,11.751,569.053,23.082,122.238,116.0666656,,,
-24.631133.452,-24.631,133.452,0.027,0.021,0.46,9.034,9.107,1038.842,22.325,208.19,197.8523865,,,
-24.5336114.9822,-24.5336,114.982,0.049,0.031,0.448,11.439,7.287,1077.053,23.999,228.248,216.8809509,,,
-24.4997115.1406,-24.4997,115.141,0.03,0.022,0.546,8.395,6.136,677.684,23.969,245.533,233.1857147,,,
-24.4142115.1653,-24.4142,115.165,0.03,0.03,0.593,7.587,7.3,677.684,24.084,248.09,235.1666718,,,
-24.358132.936,-24.358,132.936,0.031,0.02,0.437,6.605,8.45,1172.737,22.183,232.133,220.5666656,,,
-24.2772116.9594,-24.2772,116.959,0.034,0.029,0.576,8.305,6.807,634.263,24.997,241.143,229.1333313,,,
-24.034133.972,-24.034,133.972,0.03,0.014,0.4,7.23,8.45,1038.842,21.404,249.833,237.3809509,,,
-24.0197117.2208,-24.0197,117.221,0.023,0.025,0.444,8.68,6.643,634.263,24.259,241.943,229.9047546,,,
-24.0108117.2631,-24.0108,117.263,0.03,0.026,0.591,10.21,6.15,634.263,24.565,238.424,226.4857178,,,
-23.9572115.1267,-23.9572,115.127,0.036,0.03,0.64,10.615,7.136,540.737,25.349,216.071,205.2714386,,,
-23.87146.12,-23.87,146.12,0.051,0.026,0.665,4.354,5.314,3411.579,22.185,460.657,437.7142944,,,
-23.6717132.3653,-23.6717,132.365,0.025,0.015,0.465,6.31,13.914,1340.789,21.366,282.067,267.9666748,,,
-23.5169133.6492,-23.5169,133.649,0.031,0.015,0.367,6.816,11.601,1240.947,21.012,285.805,270.7714233,,,
-23.5117.1606,-23.5,117.161,0.032,0.033,0.733,8.66,8.793,442.368,26.723,212.629,201.9761963,,,
-23.51146.52,-23.51,146.52,0.039,0.013,0.691,4.326,4.15,3411.579,22.597,484.748,460.6333313,,,
-23.3767129.3789,-23.3767,129.379,0.03,0.023,0.582,7.939,9.614,882.316,25.256,402.557,374.5666809,,,
-23.2219129.8925,-23.2219,129.893,0.023,0.02,0.579,10.041,8.614,882.316,25.224,384.39,359.0666504,,,
-23.1333117.8,-23.1333,117.8,0.032,0.026,0.652,14.292,8.793,442.368,25.663,283.729,269.5762024,,,
-22.994139.945,-22.994,139.945,0.03,0.031,0.395,26.93,10.778,527.421,25.016,260.981,241.4571381,,,
-22.7192117.7614,-22.7192,117.761,0.033,0.026,0.678,9.792,21.903,795.526,23.093,365.524,347.2809448,,,
-22.3468133.3276,-22.3468,133.328,0.03,0.022,0.39,7.453,10.094,1287.947,22.89,291.105,273.7476196,,,
-22.33117.6167,-22.33,117.617,0.047,0.03,0.395,9.116,7.973,795.526,24.369,397.176,375.8952332,,,
-22.3214118.5436,-22.3214,118.544,0.029,0.019,0.556,7.547,7.3,963.579,26.484,429.857,406.3190613,,,
-22.29133.616,-22.29,133.616,0.028,0.018,0.319,7.187,5.464,1287.947,23.339,226.914,215.5333405,,,
-22.289133.613,-22.289,133.613,0.034,0.019,0.333,7.311,5.3,1287.947,23.339,226.914,215.5333405,,,
-22.2542117.6697,-22.2542,117.67,0.026,0.02,0.454,8.945,6.15,795.526,24.567,411.429,388.5857239,,,
-21.1453134.1558,-21.1453,134.156,0.03,0.017,0.443,5.752,9.121,1022.368,24.661,320.138,301.138092,,,
-20.6636120.0731,-20.6636,120.073,0.035,0.018,0.61,11.845,5.986,731.474,28.519,371.5,352.9714355,,,
-20.3511134.2372,-20.3511,134.237,0.032,0.019,0.459,7.538,9.45,916.368,25.605,283.486,269.2380981,,,
-19.9728120.2206,-19.9728,120.221,0.036,0.013,0.644,5.534,3.507,1399,27.999,386.648,366.823822,,,
-19.4556121.4747,-19.4556,121.475,0.033,0.013,0.604,6.807,3.507,765.105,28.208,448.614,422.5428467,,,
-18.906137.069,-18.906,137.069,0.042,0.025,0.497,12.551,6.807,1811.158,26.07,472.69,442.5523682,,,
-18.786136.865,-18.786,136.865,0.037,0.022,0.469,13.551,6.643,1811.158,25.98,491.657,461.3571472,,,
-17.896137.101,-17.896,137.101,0.04,0.022,0.623,15.218,7.793,2944.842,26.459,645.5,591.1714478,,,
-17.7868145.5596,-17.7868,145.56,0.207,0.029,3.601,3.298,16.408,10147.895,20.955,2250.114,1237.923828,,,
-17.7585145.5457,-17.7585,145.546,0.254,0.109,4.706,3.239,19.901,10147.895,20.955,2250.114,1237.923828,,,
-17.7417133.6386,-17.7417,133.639,0.039,0.013,0.528,11.448,3.657,2389.632,26.737,579.133,547.2142944,,,
-17.6891145.5065,-17.6891,145.507,0.164,0.033,3.689,3.531,12.601,10147.895,19.52,1938.986,1171.828613,,,
-17.6817145.5299,-17.6817,145.53,0.266,0.176,5.748,3.974,20.065,10147.895,19.52,1938.986,1171.828613,,,
-17.6468145.6377,-17.6468,145.638,0.189,0.043,4.657,2.943,13.601,10147.895,20.963,3515.909,1285.93335,,,
-17.6461123.1544,-17.6461,123.154,0.031,0.011,0.727,5.182,2.493,2166.053,27.939,718.01,626.519043,,,
-17.61145.7666,-17.61,145.767,0.31,0.153,5.292,2.551,18.408,10147.895,22.605,2987.895,1343.023804,,,
-17.6099145.5626,-17.6099,145.563,0.214,0.042,4.772,3.723,14.587,10147.895,19.449,2410.981,1201.085693,,,
-17.5914145.7036,-17.5914,145.704,0.282,0.23,6.451,3.531,20.751,10147.895,20.969,3496.591,1305.157104,,,
-17.5867145.582,-17.5867,145.582,0.299,0.134,5.739,3.559,25.817,10147.895,19.449,2410.981,1201.085693,,,
-17.5411145.5614,-17.5411,145.561,0.279,0.105,6.075,3.645,24.201,10147.895,19.669,2733.476,1215.966675,,,
-17.4669128.4683,-17.4669,128.468,0.042,0.016,0.584,8.098,6.807,1458.211,27.151,633.571,600.6238403,,,
-17.4603145.4747,-17.4603,145.475,0.261,0.055,5.609,3.921,18.599,10147.895,19.141,1536.405,1104.623779,,,
-17.455145.4786,-17.455,145.479,0.228,0.062,5.594,3.613,16.914,10147.895,19.454,1909.324,1166.161865,,,
-17.4206145.6716,-17.4206,145.672,0.259,0.069,5.098,3.713,19.914,10147.895,21.507,3400.414,1299.766724,,,
-17.3992128.2831,-17.3992,128.283,0.049,0.017,0.539,11.229,6.15,1458.211,27.397,682.657,644.6619263,,,
-17.3775133.4097,-17.3775,133.41,0.041,0.016,0.56,18.94,4.314,2389.632,26.836,589.567,551.7666626,,,
-17.3653145.7154,-17.3653,145.715,0.224,0.145,6.549,3.56,22.928,10147.895,21.245,2738.424,1283.576172,,,
-17.355137.158,-17.355,137.158,0.034,0.016,0.672,7.206,3.657,2944.842,26.111,757.062,689.4666748,,,
-17.3542123.7444,-17.3542,123.744,0.034,0.013,0.79,5.583,4.329,2166.053,28.16,691.748,621.8475952,,,
-17.3516145.7273,-17.3516,145.727,0.304,0.126,5.884,3.678,25.708,10147.895,21.245,2738.424,1283.576172,,,
-17.3008130.7561,-17.3008,130.756,0.056,0.021,0.649,18.847,6.643,1714.895,26.54,648.424,613,,,
-17.3006130.7561,-17.3006,130.756,0.056,0.021,0.649,18.847,6.643,1714.895,26.54,648.424,613,,,
-17.277145.462,-17.277,145.462,0.135,0.021,2.096,5.365,20.858,10147.895,20.947,2149.481,1241.366699,,,
-17.2655145.5658,-17.2655,145.566,0.275,0.166,3.342,5.552,19.408,10147.895,21.285,2107.89,1245.480957,,,
-17.1772145.5867,-17.1772,145.587,0.16,0.037,2.669,3.948,13.751,10147.895,21.299,1614.671,1131.161865,,,
-17.1769145.5867,-17.1769,145.587,0.16,0.037,2.669,3.948,15.887,10147.895,21.299,1614.671,1131.161865,,,
-17.133133.329,-17.133,133.329,0.04,0.014,0.437,25.431,3.164,2389.632,26.655,674.59,630.5428467,,,
-17.1201145.6008,-17.1201,145.601,0.196,0.023,3.256,3.682,15.066,10147.895,20.31,2271.538,1187.947632,,,
-17.1192145.6295,-17.1192,145.63,0.155,0.028,2.818,3.664,16.585,10147.895,21.445,2501.581,1249.528564,,,
-17.117145.63,-17.117,145.63,0.185,0.024,2.732,3.841,12.614,10147.895,21.445,2501.581,1249.528564,,,
-17.1135145.6013,-17.1135,145.601,0.19,0.022,3.224,3.854,12.107,10147.895,20.31,2271.538,1187.947632,,,
-17.1011145.5735,-17.1011,145.574,0.283,0.043,6.651,3.746,23.708,10147.895,20.048,1457.448,1056.199951,,,
-16.9056125.7611,-16.9056,125.761,0.037,0.019,0.43,7.726,4.643,3557.947,26.177,924.043,774.8380737,,,
-16.2672125.0525,-16.2672,125.053,0.049,0.018,0.624,5.681,10.957,3557.947,27.165,1031.981,839.1380615,,,
-16.1453125.1392,-16.1453,125.139,0.054,0.017,0.785,6.295,7.314,3557.947,26.75,1096.181,862.1286011,,,
-16.13130.9331,-16.13,130.933,0.055,0.02,0.582,15.484,5.15,2456.105,27.471,756.657,712.1428833,,,
-16.1145.4,-16.1,145.4,0.188,0.049,3.925,4.176,23.08,14195.789,22.391,2613.872,1262.133301,,,
-16.1034145.4479,-16.1034,145.448,0.103,0.028,3.179,3.873,16.834,14195.789,23.424,2964,1322.976196,,,
-16.103145.447,-16.103,145.447,0.094,0.028,3.379,3.599,20.807,14195.789,23.424,2964,1322.976196,,,
-16.097130.891,-16.097,130.891,0.054,0.017,0.629,15.477,4.821,2456.105,27.418,769.505,723.4381104,,,
-16.0967130.8906,-16.0967,130.891,0.054,0.018,0.646,16.255,4.821,2456.105,27.418,769.505,723.4381104,,,
-16.0469125.6642,-16.0469,125.664,0.038,0.016,0.695,4.301,4.164,3557.947,25.346,1177.876,882.019043,,,
-16.0275125.2314,-16.0275,125.231,0.042,0.016,0.718,4.983,4.657,3557.947,26.495,1159.881,885.480957,,,
-16.0128128.4247,-16.0128,128.425,0.042,0.013,0.546,7.91,8.384,1660.842,28.365,883.29,812.8904419,,,
-16.0072125.5892,-16.0072,125.589,0.041,0.015,0.749,5.809,3.657,3557.947,25.285,1193.367,884.6904907,,,
-16.0072125.4719,-16.0072,125.472,0.072,0.027,1.022,5.294,12.08,3557.947,25.454,1208.376,889.1809692,,,
-15.9892126.9775,-15.9892,126.978,0.049,0.02,0.355,7.694,4.657,3300,26.877,957.224,795.8619385,,,
-15.7683126.6069,-15.7683,126.607,0.04,0.016,0.415,5.389,3.657,3300,25.891,1065.938,837.5618896,,,
-15.7136126.3869,-15.7136,126.387,0.036,0.017,0.441,6.303,3.657,3300,25.812,1103.171,845.6619263,,,
-15.5867131.1161,-15.5867,131.116,0.087,0.047,2.749,13.726,32.508,4058.211,27.859,854.719,794.5904541,,,
-15.5853127.7633,-15.5853,127.763,0.045,0.015,0.463,8.957,14.328,3300,28.684,1012.876,869.7619019,,,
-15.5806127.7647,-15.5806,127.765,0.075,0.017,0.792,10.425,12.328,3300,28.819,986.086,854.1428833,,,
-15.4508128.1203,-15.4508,128.12,0.053,0.037,0.6,10.825,14.244,2693.053,28.76,867.962,812.6142578,,,
-15.259132.371,-15.259,132.371,0.051,0.022,0.603,7.919,3.164,4575.316,26.967,868.39,819.1619263,,,
-15.2414128.4994,-15.2414,128.499,0.039,0.01,0.404,5.211,5.507,2693.053,27.954,937.119,864.9904785,,,
-14.674133.845,-14.674,133.845,0.055,0.019,0.784,8.563,2.657,4966.579,27.946,884.148,826.0761719,,,
-14.5864132.1606,-14.5864,132.161,0.051,0.021,0.648,6.64,4.807,4966.579,27.844,989.295,907.6237793,,,
-14.4731132.3031,-14.4731,132.303,0.045,0.017,0.703,8.318,2.657,4966.579,27.567,996.095,910.6762085,,,
-14.3132.0914,-14.3,132.091,0.04,0.012,0.512,4.741,2.657,4966.579,27.52,1019.943,924.5856934,,,
-14.159131.388,-14.159,131.388,0.043,0.013,0.468,5.764,4.15,4533.526,27.401,1140.071,992.9571533,,,
-14.126134.387,-14.126,134.387,0.046,0.018,0.596,4.085,2.493,5277.737,27.689,853.433,794.5380859,,,
-13.158130.778,-13.158,130.778,0.062,0.015,1.175,3.148,2.657,4849.421,26.416,1601.557,1136.761841,,,
-13.077131.118,-13.077,131.118,0.066,0.016,1.1,2.173,4.807,4533.526,27.308,1378.3,1085.147583,,,
-12.693132.385,-12.693,132.385,0.068,0.016,1.363,4.05,3.657,5434.158,27.637,1496.462,1186.161865,,,
-12.6928132.3847,-12.6928,132.385,0.068,0.016,1.363,4.05,3.657,5434.158,27.637,1496.462,1186.161865,,,
-12.65132.9167,-12.65,132.917,0.058,0.012,1.115,5.66,3.657,5434.158,28.155,1424.2,1119.080933,,,
-12.564132.308,-12.564,132.308,0.077,0.017,1.196,4.387,5.807,5434.158,27.506,1514.19,1194.766724,,,
-12.5636132.3075,-12.5636,132.308,0.074,0.016,1.237,4.83,4.643,5434.158,27.506,1514.19,1194.766724,,,
-12.485131.146,-12.485,131.146,0.079,0.021,1.659,4.029,3.657,4854.368,27.187,1583.609,1206.076172,,,
-12.4528131.1083,-12.4528,131.108,0.073,0.018,1.401,2.804,3.986,4854.368,27.347,1608.548,1215.838135,,,
-12.4339130.9228,-12.4339,130.923,0.071,0.013,1.129,2.311,4.657,4896.368,27.487,1686.757,1241.823853,,,
-12.4130.9,-12.4,130.9,0.074,0.013,1.311,1.979,4.657,4896.368,27.552,1717.971,1240,,,
-11.7672130.8803,-11.7672,130.88,0.065,0.016,1.654,3.223,5.643,7527.211,27.042,1592.529,1152.352417,,,
-12.7131,-12.7,131,0.082,0.016,1.39,3.943,6.314,4854.368,27.358,1571.476,1218.014282,,,
-37.8145,-37.8,145,0.104,0.023,1.348,14.884,18.573,10316.263,15.782,616.805,585.8571167,,,
